{
  "section_hero": {
    "visible": true,
    "background": {
      "uniqueidfirefox": "tarragona-network-20250523",
      "color": "#fffaf7",
      "image": "assets/img/main-bg.svg",
      "position": "bottom right",
      "size": "83%",
      "repeat": "no-repeat"
    },
    "headline": {
      "text": "Conectando Tarragona con Fibra Óptica de Alta Velocidad",
      "font": "Radio_Canada_Big",
      "weight": "700",
      "textColor": "text-custom-text-color",
      "animationDelay": "0.5s",
      "fontSize": "clamp(2.1875rem, 1.7153rem + 2.2222vw, 3.4375rem)"
    },
    "subheadline": {
      "text": "Expertos en instalación de redes de fibra para hogares y empresas.",
      "font": "lato",
      "weight": "400",
      "textColor": "text-custom-text-color",
      "animationDelay": "0.9s",
      "fontSize": "clamp(1.25rem, 1.1556rem + 0.4444vw, 1.5rem)"
    },
    "buttons": [
      {
        "text": "Solicita tu Presupuesto",
        "link": "#contacto",
        "bgColor": "bg-accent",
        "textColor": "text-white"
      },
      {
        "text": "Contáctanos",
        "link": "tel:+34666666666",
        "bgColor": "bg-secondary",
        "textColor": "text-white"
      }
    ]
  }
}
